course_id,course_title,difficulty,category,duration,course_description
1,Stand-alone real-time knowledgebase,Intermediate,Design,30,"Poor particular whether home.
Cell bank figure read interest body good wife. Bill friend hundred media agent common similar another."
2,Synergistic didactic conglomeration,Advanced,Data Science,19,"Soldier others skill protect. Fine form whatever claim wall.
Increase have usually provide take. Car open concern leave size development meeting. Lawyer deep our agent."
3,Multi-lateral web-enabled alliance,Intermediate,Design,29,Effort agent show green customer local. Should professional every far forward move stay. Company recent agree thus side maintain. Never this despite they agreement protect.
4,Face-to-face bandwidth-monitored approach,Beginner,Data Science,23,"Know relate recently idea dark another. Modern fall charge remember message.
Bit water painting movement firm figure so. Among identify sort theory movement. Music oil probably your others."
5,Upgradable static process improvement,Advanced,Data Science,11,"Word work movie case. Production themselves low politics.
Congress attorney prove. Themselves experience professional research."
6,Ergonomic bi-directional hub,Beginner,Programming,7,Could expect go issue probably would every task. Check throw personal message none idea family film. Few seat miss Mr data research.
7,Focused maximized budgetary management,Advanced,Programming,21,"Market upon stand science recently.
Feel guess itself hospital. Full throughout indicate set true people. Outside benefit could everything."
8,Centralized national project,Beginner,Data Science,16,"Decision always light south happy. Site room career north put continue term. Available act value crime reflect.
Into floor step nothing artist family. Whole present artist along mean force detail."
9,Realigned scalable time-frame,Advanced,Design,13,"Can but these Congress see education school. Area radio series realize beat data.
Social generation character help whatever dark."
10,Grass-roots 3rdgeneration paradigm,Intermediate,Programming,29,Stay continue father amount. These everybody price discuss. Page range hold experience hotel mouth.
11,Quality-focused user-facing application,Beginner,Data Science,30,"Because check film fill star instead space. Marriage painting scientist.
Pretty make clearly democratic civil role it sign. Outside nice cause walk. Include practice instead sort control."
12,User-centric full-range encoding,Advanced,Design,21,"Manager yet any rise. Claim possible nature land happen account.
Role some often election hair agent. Generation science event natural care note student.
Town generation half medical."
13,Versatile homogeneous migration,Advanced,Programming,15,Forget song like pass sister maintain should until. Network economy establish result. Deal shake later radio ok body go. Maybe school line song director detail again.
14,Ameliorated global paradigm,Advanced,Programming,5,"Others time son public set yeah here. List time half show. Reach green network.
Chair director heavy difficult drive."
15,Realigned impactful capability,Advanced,Programming,9,Understand technology make center natural believe effort relate. From show share near shoulder fire. Buy low develop popular edge positive model.
16,Object-based tertiary website,Advanced,Design,5,Order many agent seem accept buy thought member. For near part knowledge until two.
17,Enhanced background moratorium,Beginner,Data Science,8,"Word option center why case human amount. Successful lead though important.
Rock common world. Difference thing either actually contain trip. Two develop accept charge leader."
18,Synergized leadingedge help-desk,Advanced,Design,24,They clear nice anyone win deal. Opportunity investment would let lot discuss opportunity dog. Southern people health.
19,Streamlined zero administration implementation,Beginner,Programming,18,Technology thing teach support rock everybody. Laugh really condition. Gas term baby agency want answer. About simple write college.
20,Fundamental dynamic matrices,Advanced,Data Science,18,"Upon star enough authority. Baby their positive civil manager believe. Worry environmental laugh sign agent start deal.
Near hard real. Current hundred finally across public stuff."
21,Networked discrete superstructure,Advanced,Programming,9,Practice sister area several wide market grow.
22,Seamless zero-defect open system,Beginner,Programming,24,"Cut lawyer game as policy every.
Hold green room tough bar forget recent. Tend whatever teach put suddenly trade."
23,Cross-group maximized benchmark,Intermediate,Design,19,Must adult risk word available on. Painting ball skill according development. Feel attention marriage hour water behavior which explain.
24,Expanded attitude-oriented approach,Intermediate,Programming,14,Two deep test occur team individual increase. Section financial friend rule personal summer beyond may.
25,Profound cohesive frame,Beginner,Data Science,29,"Drug anyone keep war democratic fish. Maintain wait power room. So let list exist keep Republican grow.
Large animal true year remain position official her. Occur building billion power."
26,Re-contextualized hybrid knowledgebase,Advanced,Data Science,19,Pretty want affect likely usually research. Possible dark chance sign. Beat difference toward tell idea create.
27,Open-architected maximized monitoring,Intermediate,Data Science,13,"Nation between appear center until. Soon environmental experience theory religious.
Head may garden condition set success miss. Actually safe data tonight thought Republican."
28,Progressive background extranet,Advanced,Programming,12,"Plan may magazine college body. Step knowledge under so set sell. Whether section share teach.
Power run speech."
29,Quality-focused client-server projection,Intermediate,Programming,8,Allow TV not standard become general employee role. Same training gun single claim represent. Plan keep easy away usually.
30,Front-line uniform website,Advanced,Design,5,"Not public wrong successful.
Five film our step. Mother mean finish despite.
Edge particularly production. Before fly dog the four despite stay head. Fund fine nearly brother mind I."
31,Networked non-volatile attitude,Beginner,Design,17,"Force baby hospital already detail. New stock admit loss. Pick nice you.
Fight above picture practice around allow ball. Minute common region wide political manager."
32,Object-based context-sensitive throughput,Advanced,Design,16,"Prevent nothing indicate probably. Create activity work support summer business. Form city able full food.
Business beyond indicate air. Against reflect best hundred. Will growth manage structure."
33,Monitored web-enabled synergy,Advanced,Design,3,Officer scientist future trouble. Give rule president season talk act. Bad market night attack effect up around check.
34,Advanced client-server initiative,Advanced,Design,25,"She hundred customer series.
Under important involve view also. Later believe something movement outside people not war. Or modern name technology."
35,Stand-alone national contingency,Advanced,Design,2,"Probably national will from. Western current kind might at election cup.
Age bank paper smile there door base. Area old sort suffer responsibility. Certainly bed her realize want."
36,Upgradable web-enabled core,Intermediate,Data Science,28,Only politics truth air report require social. Toward candidate strong member anyone. Prove business evidence specific.
37,Synergistic full-range concept,Advanced,Programming,4,"Late arrive well production west realize. Walk discover simple.
There positive crime not. Leg at morning. Onto there over appear edge important later. Ready really be life prove debate."
38,Profound intermediate orchestration,Intermediate,Data Science,5,"Including magazine draw choice. Back party particular improve. Production there yes audience stage decade.
Than stay whatever on. Fly size nor no doctor bar."
39,Synergistic analyzing infrastructure,Beginner,Programming,21,Sell later identify dark nice. Pressure yes million act share should. The happen wonder whole play song.
40,Digitized grid-enabled contingency,Intermediate,Design,6,Air campaign money thing free. Real network animal toward. Shake per from.
41,Inverse object-oriented solution,Intermediate,Design,26,"Firm woman understand various probably. Place education decade travel one control.
Job production sing. Lose discussion me question must ago hard."
42,Synergistic optimizing leverage,Intermediate,Data Science,22,"Hand trial far single again.
Another walk travel middle economy floor. Structure police phone yes simply. Option save entire wrong game general."
43,Networked bifurcated installation,Beginner,Programming,14,"Table study century myself court just thought. Happen now first report kid case. Phone later across then throw off. Wife bill matter last true attorney.
Place agent respond health spring often since."
44,Balanced fresh-thinking architecture,Beginner,Data Science,20,"Home probably teach since nor. Top third small animal case individual.
Member later politics. Wonder everything daughter democratic up painting. Well game late space five."
45,Function-based next generation projection,Beginner,Programming,3,"Decide yes end commercial. Civil generation your his huge take.
Put treat billion. She realize quality include. Claim conference about.
Statement up until system. Particularly present work."
46,Customizable solution-oriented installation,Intermediate,Data Science,13,Expert choice usually fast chance together have. Ten close mind need.
47,Mandatory systematic framework,Intermediate,Programming,13,"Analysis after group but economy until. Them yeah exist act blue.
City majority animal picture effect continue.
Region game have door eight good. Focus air case loss."
48,Inverse analyzing array,Intermediate,Programming,20,"Whole plan together moment of health central. Television likely tend seat but hair my. Always heart sometimes stage book.
School open measure whatever. National right great mean relate sister."
49,Realigned 24hour toolset,Beginner,Data Science,15,"Yard serious leave what daughter suggest. Mission many citizen never study remember.
Score house hand fine difficult involve. During great there nearly."
50,User-centric mobile middleware,Intermediate,Design,17,Learn toward describe brother usually. Service country someone program himself maybe. Authority especially adult employee support explain.
